source,title,text,url,date,sentiment,polarity,subjectivity
MarketWatch,"GameStop gets back in the spotlight, as it draws the attention of the re-energized meme-stock crowd","GameStop gets back in the spotlight, as it draws the attention of the re-energized meme-stock crowd",https://www.marketwatch.com/story/gamestop-gets-back-in-the-spotlight-as-it-draws-the-attention-of-the-re-energized-meme-stock-crowd-798d58cb?mod=mw_quote_news,2025-11-12 19:38:45.631370,neutral,0.0,0.0
MarketWatch,Beyond Meat Postpones 3Q Report as It Calculates Impairment Charge,Beyond Meat Postpones 3Q Report as It Calculates Impairment Charge,https://www.marketwatch.com/story/beyond-meat-postpones-3q-report-as-it-calculates-impairment-charge-054f25de?mod=mw_quote_news,2025-11-12 19:38:45.630676,neutral,0.0,0.0
MarketWatch,Beyond Meat Stock Tumbles After Delayed Earnings Report. What’s Behind the Holdup.,Beyond Meat Stock Tumbles After Delayed Earnings Report. What’s Behind the Holdup.,https://www.barrons.com/articles/beyond-meat-stock-earnings-delay-4c22229a?mod=mw_quote_news,2025-11-12 19:38:45.630451,negative,-0.4,0.7
MarketWatch,Here’s why Beyond Meat investors aren’t happy that earnings were delayed,Here’s why Beyond Meat investors aren’t happy that earnings were delayed,https://www.marketwatch.com/story/heres-why-beyond-meat-investors-arent-happy-that-earnings-were-delayed-38dc2a51?mod=mw_quote_news,2025-11-12 19:38:45.630216,positive,0.8,1.0
MarketWatch,The modest property portfolio of Beyond Meat CEO Ethan Brown,The modest property portfolio of Beyond Meat CEO Ethan Brown,https://www.marketwatch.com/story/the-modest-property-portfolio-of-beyond-meat-ceo-ethan-brown-39a88d74?mod=mw_quote_news,2025-11-12 19:38:45.630066,neutral,0.1,0.9
MarketWatch,"Beyond Meat Inc. stock falls Thursday, underperforms market","Beyond Meat Inc. stock falls Thursday, underperforms market",https://www.marketwatch.com/data-news/beyond-meat-inc-stock-falls-thursday-underperforms-market-8df05781-43283c780358?mod=mw_quote_news,2025-11-12 19:38:45.629912,neutral,0.0,0.0
MarketWatch,"Beyond Meat Inc. stock rises Friday, outperforms market","Beyond Meat Inc. stock rises Friday, outperforms market",https://www.marketwatch.com/data-news/beyond-meat-inc-stock-rises-friday-outperforms-market-faf76717-7b4eb3612ce5?mod=mw_quote_news,2025-11-12 19:38:45.629757,neutral,0.0,0.0
MarketWatch,Beyond Meat Delays 3Q Earnings Due to Internal Control Issue,Beyond Meat Delays 3Q Earnings Due to Internal Control Issue,https://www.marketwatch.com/story/beyond-meat-delays-3q-earnings-due-to-internal-control-issue-e4ba41fd?mod=mw_quote_news,2025-11-12 19:38:45.629585,neutral,-0.062,0.188
MarketWatch,"Beyond Meat Inc. stock falls Monday, underperforms market","Beyond Meat Inc. stock falls Monday, underperforms market",https://www.marketwatch.com/data-news/beyond-meat-inc-stock-falls-monday-underperforms-market-7d88c3f5-570276d5babb?mod=mw_quote_news,2025-11-12 19:38:45.629420,neutral,0.0,0.0
MarketWatch,"These Stocks Moved the Most Today: CoreWeave, Nvidia, Tesla, Nebius, Rigetti, BigBear.ai, Rocket Lab, and More","These Stocks Moved the Most Today: CoreWeave, Nvidia, Tesla, Nebius, Rigetti, BigBear.ai, Rocket Lab, and More",https://www.barrons.com/articles/stock-movers-d1ca1139?mod=mw_quote_news_topstories,2025-11-12 19:38:45.627622,positive,0.5,0.5
MarketWatch,Beyond Meat’s losses widen as demand shrinks. Is its meme-stock run over?,Beyond Meat’s losses widen as demand shrinks. Is its meme-stock run over?,https://www.marketwatch.com/story/beyond-meats-losses-widen-as-demand-shrinks-is-its-meme-stock-run-over-df32a960?mod=mw_quote_news_topstories,2025-11-12 19:38:45.627147,neutral,0.0,0.0
Finviz,"Barclays cuts Beyond Meat target to $1, Waymo allowed on freeways","Barclays cuts Beyond Meat target to $1, Waymo allowed on freeways",https://finance.yahoo.com/video/barclays-cuts-beyond-meat-target-210934415.html,2025-11-12 19:38:44.189890,neutral,0.0,0.0
Yahoo Finance,BC-Most Active Stocks,"BC-Most Active Stocks. Nu Holdings Ltd. 26,022,737 16.50",https://finance.yahoo.com/news/bc-most-active-stocks-153019838.html?.tsrc=rss,2025-11-12 15:30:19.000000,negative,-0.133,0.6
Yahoo Finance,"Here Are Wednesday’s Top Wall Street Analyst Research Calls: AT&T, Beyond Meat, Carvana, Fortinet, Snowflake, Waste Managment and More","Here Are Wednesday’s Top Wall Street Analyst Research Calls: AT&T, Beyond Meat, Carvana, Fortinet, Snowflake, Waste Managment and More. Pre-Market Stock Futures: The futures are trading higher as we reach the midpoint of the trading week. The Dow Jones Industrial Average posted a stellar day on Tuesday, rising 1.20% to close at a record high of 47,927, while the S&P 500 also finished the session higher, rising 0.28% to close at 6,846. The big ... Here Are Wednesday’s Top Wall Street Analyst Rese",https://247wallst.com/investing/2025/11/12/here-are-wednesdays-top-wall-street-analyst-research-calls-att-beyond-meat-carvana-fortinet-snowflake-waste-managment-and-more/?.tsrc=rss,2025-11-12 14:06:21.000000,positive,0.197,0.357
Finviz,Beyond Meat Stock Falls. Is the Meme-Fueled Rally Over?,Beyond Meat Stock Falls. Is the Meme-Fueled Rally Over?,https://finance.yahoo.com/m/b84bb806-797e-3246-8f88-aa7a5744537b/beyond-meat-stock-falls.-is.html,2025-11-12 12:58:00.000000,neutral,0.0,0.0
Finviz,Beyond Meat Stock Falls. Is the Meme-Fueled Rally May Be Over?,Beyond Meat Stock Falls. Is the Meme-Fueled Rally May Be Over?,https://www.barrons.com/articles/beyond-meat-stock-price-meme-rally-f68759c7?mod=bar_FV,2025-11-12 12:58:00.000000,neutral,0.0,0.0
Yahoo Finance,Beyond Meat eyes “strategic initiatives” in turnaround plan toward 30% margin,Beyond Meat eyes “strategic initiatives” in turnaround plan toward 30% margin. “There is plenty of fight left in Beyond and enormous enthusiasm to use this reset to hasten our future as a global protein company” – CEO Ethan Brown.,https://www.just-food.com/news/beyond-meat-eyes-strategic-initiatives-in-turnaround-plan-toward-30-margin/?.tsrc=rss,2025-11-12 12:41:25.000000,neutral,0.0,0.256
Finviz,"Wall Street Resumes Winning Ways on CPI, Earnings Optimism","Wall Street Resumes Winning Ways on CPI, Earnings Optimism",/news/204007/wall-street-resumes-winning-ways-on-cpi-earnings-optimism,2025-11-12 12:35:00.000000,positive,0.5,0.75
Finviz,2 Russell 2000 Stocks Worth Investigating and 1 That Underwhelm,2 Russell 2000 Stocks Worth Investigating and 1 That Underwhelm,/news/203378/2-russell-2000-stocks-worth-investigating-and-1-that-underwhelm,2025-11-12 12:32:00.000000,positive,0.3,0.1
Finviz,"Top Stock Movers Now: Amazon, Kenvue, Kimberly-Clark, Beyond Meat, and More","Top Stock Movers Now: Amazon, Kenvue, Kimberly-Clark, Beyond Meat, and More",https://finance.yahoo.com/m/97f6c4f6-7b01-323e-b6f5-7c0adb0a5da0/top-stock-movers-now%3A-amazon%2C.html,2025-11-12 12:29:00.000000,positive,0.5,0.5
Finviz,Why Beyond Meat (BYND) Stock Is Down Today,Why Beyond Meat (BYND) Stock Is Down Today,/news/226339/why-beyond-meat-bynd-stock-is-down-today,2025-11-12 12:26:00.000000,negative,-0.156,0.289
Finviz,"Dear Beyond Meat Stock Fans, Mark Your Calendars for November 4","Dear Beyond Meat Stock Fans, Mark Your Calendars for November 4",https://finance.yahoo.com/m/ae5c437d-d204-3bcb-b2a9-8975691c04b0/dear-beyond-meat-stock-fans%2C.html,2025-11-12 12:25:00.000000,neutral,0.0,0.0
Finviz,"Amazon AWS & Cipher strike deal, Beyond Meat delays Q3 results","Amazon AWS & Cipher strike deal, Beyond Meat delays Q3 results",https://finance.yahoo.com/video/amazon-aws-cipher-strike-deal-171504837.html,2025-11-12 12:15:00.000000,neutral,0.0,0.0
Finviz,Beyond Meat Inc (BYND) Q3 2025 Earnings Call Highlights: Strategic Innovations Amid Revenue ...,Beyond Meat Inc (BYND) Q3 2025 Earnings Call Highlights: Strategic Innovations Amid Revenue ...,https://finance.yahoo.com/news/beyond-meat-inc-bynd-q3-050137756.html,2025-11-12 12:01:00.000000,neutral,0.0,0.0
Finviz,Beyond Meat Stock Is Tumbling. Is the Meme Stock Rally Already Over?,Beyond Meat Stock Is Tumbling. Is the Meme Stock Rally Already Over?,https://finance.yahoo.com/m/52789530-34d8-33da-ad9c-ccfdf47071da/beyond-meat-stock-is.html,2025-11-12 12:00:00.000000,neutral,0.0,0.0
Finviz,"If You'd Invested $10,000 in Beyond Meat Stock 6 Years Ago, Here's How Much You'd Have Today","If You'd Invested $10,000 in Beyond Meat Stock 6 Years Ago, Here's How Much You'd Have Today",/news/213474/if-youd-invested-10000-in-beyond-meat-stock-6-years-ago-heres-how-much-youd-have-today,2025-11-12 11:50:00.000000,positive,0.2,0.2
Finviz,Beyond Meat Stock Falls 12% on Wider Q3 Loss & Weak Q4 Outlook,Beyond Meat Stock Falls 12% on Wider Q3 Loss & Weak Q4 Outlook,/news/227716/beyond-meat-stock-falls-12-on-wider-q3-loss-weak-q4-outlook,2025-11-12 11:48:00.000000,negative,-0.375,0.625
Yahoo Finance,How Recent Developments Are Rewriting the Story for Beyond Meat,"How Recent Developments Are Rewriting the Story for Beyond Meat. Beyond Meat’s latest valuation update brought notable shifts in its price outlook, but the fair value estimate itself remained stable at $2.23. Adjustments to the revenue growth forecast and discount rate reflect differing views on the company’s evolving prospects amid operational changes and persistent challenges. Stay tuned to discover how you can keep informed about Beyond Meat’s evolving story and market sentiment going forward",https://finance.yahoo.com/news/recent-developments-rewriting-story-beyond-111035419.html?.tsrc=rss,2025-11-12 11:10:35.000000,positive,0.41,0.62
Finviz,Beyond Meat Stock Falls After Meme-Fueled Rally Even as It Beefs Up Partnerships,Beyond Meat Stock Falls After Meme-Fueled Rally Even as It Beefs Up Partnerships,https://www.barrons.com/articles/beyond-meat-stock-meme-rally-f68759c7?mod=bar_FV,2025-11-12 11:08:00.000000,neutral,0.0,0.0
Finviz,Small Business Optimism for October Comes in Negative,Small Business Optimism for October Comes in Negative,/news/226247/small-business-optimism-for-october-comes-in-negative,2025-11-12 11:06:00.000000,negative,-0.275,0.4
Finviz,Beyond Meat Stock Tumbles After Delayed Earnings Report. What's Behind the Holdup.,Beyond Meat Stock Tumbles After Delayed Earnings Report. What's Behind the Holdup.,https://www.barrons.com/articles/beyond-meat-stock-earnings-delay-4c22229a?mod=bar_FV,2025-11-12 11:01:00.000000,negative,-0.4,0.7
Finviz,Beyond Meat Rocketed 128% in a Day. Then it CrashedIs it the Next Big Meme Stock?,Beyond Meat Rocketed 128% in a Day. Then it CrashedIs it the Next Big Meme Stock?,https://finance.yahoo.com/m/0dad9923-2838-3f75-a243-dc400be0e513/beyond-meat-rocketed-128%25-in.html,2025-11-12 10:47:00.000000,neutral,0.0,0.05
Finviz,"Mixed Pre-Markets on Weaker Jobs & Hiring Data, More Q3 Earnings","Mixed Pre-Markets on Weaker Jobs & Hiring Data, More Q3 Earnings",/news/226228/mixed-pre-markets-on-weaker-jobs-hiring-data-more-q3-earnings,2025-11-12 10:34:00.000000,positive,0.25,0.375
Finviz,Beyond Meat Stock Is on a Wild Ride. Why a Meme Rally Looks Undercooked.,Beyond Meat Stock Is on a Wild Ride. Why a Meme Rally Looks Undercooked.,https://www.barrons.com/articles/beyond-meat-stock-price-meme-rally-5c8e914c?mod=bar_FV,2025-11-12 10:17:00.000000,neutral,0.1,0.4
Finviz,Beyond Meat Completely Destroyed,Beyond Meat Completely Destroyed,https://finance.yahoo.com/m/ea6f856d-7075-38ad-a7bf-a99b6f6c3226/beyond-meat-completely.html,2025-11-12 10:15:00.000000,neutral,0.1,0.4
Finviz,Beyond Meat Earnings: What To Look For From BYND,Beyond Meat Earnings: What To Look For From BYND,/news/214282/beyond-meat-earnings-what-to-look-for-from-bynd,2025-11-12 10:05:00.000000,neutral,0.0,0.0
Finviz,Beyond Meat Is Delaying Its Earnings Report. This Is Why.,Beyond Meat Is Delaying Its Earnings Report. This Is Why.,https://www.barrons.com/articles/beyond-meat-stock-delay-earnings-4c22229a?mod=bar_FV,2025-11-12 09:58:00.000000,neutral,0.0,0.0
Finviz,"Up Over 550% With More to Run, This Stock Could Be the Next GameStop","Up Over 550% With More to Run, This Stock Could Be the Next GameStop",/news/207039/up-over-550-with-more-to-run-this-stock-could-be-the-next-gamestop,2025-11-12 09:45:00.000000,positive,0.25,0.25
Finviz,Beyond Meat Shares Dive After Earnings. Why the Meme Stock Has Lost Its Flavor.,Beyond Meat Shares Dive After Earnings. Why the Meme Stock Has Lost Its Flavor.,https://www.barrons.com/articles/beyond-meat-earnings-stock-price-bfdc8ec3?mod=bar_FV,2025-11-12 09:40:00.000000,neutral,0.0,0.0
Finviz,Beyond Meat Introduces New Value Pack of Its Latest Beyond Beef at Retailers Across Canada,Beyond Meat Introduces New Value Pack of Its Latest Beyond Beef at Retailers Across Canada,/news/215044/beyond-meat-introduces-new-value-pack-of-its-latest-beyond-beef-at-retailers-across-canada,2025-11-12 09:15:00.000000,positive,0.318,0.677
Finviz,Beyond Meat Teams Up With Hard Rock Cafe to Bring the Latest Beyond Burger to Fans Nationwide,Beyond Meat Teams Up With Hard Rock Cafe to Bring the Latest Beyond Burger to Fans Nationwide,/news/216726/beyond-meat-teams-up-with-hard-rock-cafe-to-bring-the-latest-beyond-burger-to-fans-nationwide,2025-11-12 09:15:00.000000,positive,0.104,0.721
Finviz,Beyond Meat jumps on the latest twist in its meme-stock saga,Beyond Meat jumps on the latest twist in its meme-stock saga,https://www.marketwatch.com/story/beyond-meat-jumps-on-the-latest-twist-in-its-meme-stock-saga-90f85398?mod=mw_FV,2025-11-12 09:14:00.000000,positive,0.5,0.9
Finviz,"GameStop Stock Jumps as Retailer, White House Trade Halo Memes","GameStop Stock Jumps as Retailer, White House Trade Halo Memes",https://www.barrons.com/articles/gamestop-stock-price-meme-halo-whitehouse-45dd62b6?mod=bar_FV,2025-11-12 09:12:00.000000,neutral,0.0,0.0
Finviz,"Here Are Wednesdays Top Wall Street Analyst Research Calls: AT&T, Beyond Meat, Carvana, Fortinet, Snowflake, Waste Managment and More","Here Are Wednesdays Top Wall Street Analyst Research Calls: AT&T, Beyond Meat, Carvana, Fortinet, Snowflake, Waste Managment and More",https://finance.yahoo.com/m/cdb5db81-334c-36e4-94bf-9c94a85318e9/here-are-wednesday%E2%80%99s-top-wall.html,2025-11-12 09:06:00.000000,positive,0.267,0.333
Finviz,Prediction: Beyond Meat Stock Will Underperform for the Year Despite Its Recent 440% Rally,Prediction: Beyond Meat Stock Will Underperform for the Year Despite Its Recent 440% Rally,/news/221062/prediction-beyond-meat-stock-will-underperform-for-the-year-despite-its-recent-440-rally,2025-11-12 09:00:00.000000,neutral,0.0,0.25
Finviz,"Beyond Meat Expects Impairment Charge, Revenue In Line With Target","Beyond Meat Expects Impairment Charge, Revenue In Line With Target",https://www.wsj.com/business/retail/beyond-meat-expects-impairment-charge-revenue-in-line-with-target-b484c86f?mod=wsj_FV,2025-11-12 08:58:00.000000,neutral,0.0,0.0
Finviz,"Trending Stocks: TSMC, Beyond Meat, Diageo, Rumble","Trending Stocks: TSMC, Beyond Meat, Diageo, Rumble",https://finance.yahoo.com/video/trending-stocks-tsmc-beyond-meat-134950111.html,2025-11-12 08:49:00.000000,neutral,0.0,0.0
Finviz,No Bottom in Sight for Beyond Meat's Crashing Sales,No Bottom in Sight for Beyond Meat's Crashing Sales,/news/225963/no-bottom-in-sight-for-beyond-meats-crashing-sales,2025-11-12 08:48:00.000000,neutral,0.0,0.0
Finviz,Tyson Foods (TSN) Beats Q4 Earnings Estimates,Tyson Foods (TSN) Beats Q4 Earnings Estimates,/news/224676/tyson-foods-tsn-beats-q4-earnings-estimates,2025-11-12 08:45:00.000000,neutral,0.0,0.0
Finviz,Beyond Meat stock rises after preliminary Q3 revenue tops estimates,Beyond Meat stock rises after preliminary Q3 revenue tops estimates,https://finance.yahoo.com/news/beyond-meat-stock-rises-preliminary-121932710.html,2025-11-12 08:19:00.000000,neutral,0.0,0.0
Finviz,"Tesla, Palantir, Beyond Meat: Trending stocks","Tesla, Palantir, Beyond Meat: Trending stocks",https://finance.yahoo.com/video/tesla-palantir-beyond-meat-trending-131230100.html,2025-11-12 08:12:00.000000,neutral,0.0,0.0
Finviz,This Stock Is Up 22% in a Week. Are We About to See a GameStop-Level Short Squeeze?,This Stock Is Up 22% in a Week. Are We About to See a GameStop-Level Short Squeeze?,/news/206783/this-stock-is-up-22-in-a-week-are-we-about-to-see-a-gamestop-level-short-squeeze,2025-11-12 08:08:00.000000,neutral,0.0,0.3
Finviz,"Earnings live: Berkshire Hathaway profits rise, Beyond Meat postpones earnings, with Palantir results on deck","Earnings live: Berkshire Hathaway profits rise, Beyond Meat postpones earnings, with Palantir results on deck",https://finance.yahoo.com/news/live/earnings-live-berkshire-hathaway-profits-rise-beyond-meat-postpones-earnings-with-palantir-results-on-deck-130631795.html,2025-11-12 08:06:00.000000,positive,0.136,0.5
Finviz,Beyond Meat losses widen on impairment charge as sales set to extend declines,Beyond Meat losses widen on impairment charge as sales set to extend declines,https://finance.yahoo.com/m/3c3d2ecd-ef1f-37c0-a0a2-4402807f1f60/beyond-meat-losses-widen-on.html,2025-11-12 08:05:00.000000,neutral,0.0,0.0
Finviz,"Beyond Meat Stock: Has the Company Turned Things Around, or Is It Just the Latest Meme?","Beyond Meat Stock: Has the Company Turned Things Around, or Is It Just the Latest Meme?",/news/213034/beyond-meat-stock-has-the-company-turned-things-around-or-is-it-just-the-latest-meme,2025-11-12 07:45:00.000000,positive,0.5,0.9
Finviz,Beyond Meat eyes strategic initiatives in turnaround plan toward 30% margin,Beyond Meat eyes strategic initiatives in turnaround plan toward 30% margin,https://finance.yahoo.com/m/a8c5b3c8-28bc-374e-9033-c4a189bf5d48/beyond-meat-eyes-%E2%80%9Cstrategic.html,2025-11-12 07:41:00.000000,neutral,0.0,0.0
Finviz,3 Things I'm Learning From Beyond Meat's Roller-Coaster Ride,3 Things I'm Learning From Beyond Meat's Roller-Coaster Ride,/news/223938/3-things-im-learning-from-beyond-meats-roller-coaster-ride,2025-11-12 07:30:00.000000,neutral,0.0,0.0
Finviz,Beyond Meat Announces Final Tender Results and Final Settlement for Exchange Offer and Consent Solicitation with Respect to Existing Convertible Notes,Beyond Meat Announces Final Tender Results and Final Settlement for Exchange Offer and Consent Solicitation with Respect to Existing Convertible Notes,/news/208588/beyond-meat-announces-final-tender-results-and-final-settlement-for-exchange-offer-and-consent-solicitation-with-respect-to-existing-convertible-notes,2025-11-12 07:00:00.000000,neutral,0.0,1.0
Finviz,Why Is Wall Street So Bearish on Beyond Meat? There's 1 Key Reason.,Why Is Wall Street So Bearish on Beyond Meat? There's 1 Key Reason.,/news/218548/why-is-wall-street-so-bearish-on-beyond-meat-theres-1-key-reason,2025-11-12 06:55:00.000000,neutral,0.0,1.0
Finviz,"Beyond Meat (BYND) Reports Q3 Loss, Tops Revenue Estimates","Beyond Meat (BYND) Reports Q3 Loss, Tops Revenue Estimates",/news/225486/beyond-meat-bynd-reports-q3-loss-tops-revenue-estimates,2025-11-12 06:50:00.000000,neutral,0.0,0.0
Finviz,Why Beyond Meat Sank 12% in October,Why Beyond Meat Sank 12% in October,/news/216357/why-beyond-meat-sank-12-in-october,2025-11-12 06:50:00.000000,neutral,0.0,0.0
Finviz,"Beyond Meat Third-Quarter Loss Widens, Sales Slip Amid Falling U.S. Demand","Beyond Meat Third-Quarter Loss Widens, Sales Slip Amid Falling U.S. Demand",https://www.wsj.com/business/earnings/beyond-meat-third-quarter-loss-widens-sales-slip-amid-falling-u-s-demand-f1a97b5e?mod=wsj_FV,2025-11-12 06:36:00.000000,neutral,0.0,0.0
Finviz,"Sinking 77%, Beyond Meat Stock Seems Like a Bad Buy","Sinking 77%, Beyond Meat Stock Seems Like a Bad Buy",/news/223895/sinking-77-beyond-meat-stock-seems-like-a-bad-buy,2025-11-12 06:26:00.000000,negative,-0.7,0.667
Finviz,"Qorvo shares jump on takeover report, and other early market movers.","Qorvo shares jump on takeover report, and other early market movers.",https://www.marketwatch.com/livecoverage/stock-market-today-dow-sp500-nasdaq-hold-record-highs-fed-meeting-to-begin-earnings/card/qorvo-shares-jump-on-takeover-report-and-other-early-market-movers--dkNdl8bIROdWlQv6zwg6?mod=mw_FV,2025-11-12 06:10:00.000000,neutral,-0.012,0.338
Finviz,Big Bounceback Trading Day for AI & Tech,Big Bounceback Trading Day for AI & Tech,/news/225468/big-bounceback-trading-day-for-ai-tech,2025-11-12 06:09:00.000000,neutral,0.0,0.1
Finviz,"BYND STOCK NOTICE: Beyond Meat, Inc. Investors with Losses may have been Misled by the Company and are Urged to Contact BFA Law","BYND STOCK NOTICE: Beyond Meat, Inc. Investors with Losses may have been Misled by the Company and are Urged to Contact BFA Law",https://www.newsfilecorp.com/release/273656/BYND-STOCK-NOTICE-Beyond-Meat-Inc.-Investors-with-Losses-may-have-been-Misled-by-the-Company-and-are-Urged-to-Contact-BFA-Law,2025-11-12 06:06:00.000000,neutral,0.0,0.0
Finviz,"Hiltzik: Meme stocks are still with us, offering dangerous temptations for unwary and novice investors","Hiltzik: Meme stocks are still with us, offering dangerous temptations for unwary and novice investors",https://finance.yahoo.com/news/hiltzik-meme-stocks-still-us-100000306.html,2025-11-12 06:00:00.000000,negative,-0.6,0.9
Finviz,"Beyond Meat Reschedules Reporting of Third Quarter 2025 Financial Results to November 11, 2025","Beyond Meat Reschedules Reporting of Third Quarter 2025 Financial Results to November 11, 2025",/news/214636/beyond-meat-reschedules-reporting-of-third-quarter-2025-financial-results-to-november-11-2025,2025-11-12 06:00:00.000000,neutral,0.0,0.0
Finviz,Are the Magnificent Seven as speculative as meme stocks?,Are the Magnificent Seven as speculative as meme stocks?,https://finance.yahoo.com/video/magnificent-seven-speculative-meme-stocks-100002713.html,2025-11-12 06:00:00.000000,positive,1.0,1.0
Finviz,Beyond Meat: Q3 Earnings Snapshot,Beyond Meat: Q3 Earnings Snapshot,https://finance.yahoo.com/news/beyond-meat-q3-earnings-snapshot-224703405.html,2025-11-12 05:47:00.000000,neutral,0.0,0.0
Finviz,Better Meme Trade: Beyond Meat vs. Dogecoin,Better Meme Trade: Beyond Meat vs. Dogecoin,/news/214639/better-meme-trade-beyond-meat-vs-dogecoin,2025-11-12 05:40:00.000000,positive,0.5,0.5
Finviz,Beyond Meat Reports Third Quarter 2025 Financial Results,Beyond Meat Reports Third Quarter 2025 Financial Results,/news/225361/beyond-meat-reports-third-quarter-2025-financial-results,2025-11-12 05:38:00.000000,neutral,0.0,0.0
Finviz,"CoreWeave shares slide after earnings, and other early market movers","CoreWeave shares slide after earnings, and other early market movers",https://www.marketwatch.com/livecoverage/stock-market-today-dow-sp500-nasdaq-consolidate-after-381-point-blue-chip-rally-gold-above-4100/card/coreweave-shares-slide-after-earnings-and-other-early-market-movers-DhejsQEjk3U2JV70URqV?mod=mw_FV,2025-11-12 05:36:00.000000,neutral,-0.012,0.338
Finviz,Beyond Meat (NASDAQ:BYND) Exceeds Q3 Expectations,Beyond Meat (NASDAQ:BYND) Exceeds Q3 Expectations,/news/225379/beyond-meat-nasdaq-bynd-exceeds-q3-expectations,2025-11-12 05:34:00.000000,neutral,0.0,0.0
Finviz,Beyond Meat delays Q3 results filing due to impairment analysis,Beyond Meat delays Q3 results filing due to impairment analysis,https://finance.yahoo.com/m/ad047c68-8af7-39db-880b-082434b17c61/beyond-meat-delays-q3-results.html,2025-11-12 05:05:00.000000,negative,-0.125,0.375
Finviz,Short Sellers Are Targeting Small-Caps. Megacaps Are Getting a Pass.,Short Sellers Are Targeting Small-Caps. Megacaps Are Getting a Pass.,https://www.barrons.com/articles/short-sellers-small-caps-meme-stocks-06a426a1?mod=bar_FV,2025-11-12 04:43:00.000000,neutral,0.0,0.3
Finviz,"Stocks to Watch Tuesday Recap: Paramount, CoreWeave, Beyond Meat","Stocks to Watch Tuesday Recap: Paramount, CoreWeave, Beyond Meat",https://finance.yahoo.com/m/73dfd978-d7e2-3e35-8d5e-39a59d53ce8d/stocks-to-watch-tuesday.html,2025-11-12 04:26:00.000000,neutral,0.0,0.0
Finviz,"Stock Market Today: Dow, S&P 500 and Nasdaq hold record highs as Fed due to begin two-day policy meeting; earnings in focus; gold falls further below $4,000","Stock Market Today: Dow, S&P 500 and Nasdaq hold record highs as Fed due to begin two-day policy meeting; earnings in focus; gold falls further below $4,000",https://www.marketwatch.com/livecoverage/stock-market-today-dow-sp500-nasdaq-hold-record-highs-fed-meeting-to-begin-earnings?mod=mw_FV,2025-11-12 04:25:00.000000,neutral,-0.062,0.438
Finviz,Here's why Beyond Meat investors aren't happy that earnings were delayed,Here's why Beyond Meat investors aren't happy that earnings were delayed,https://www.marketwatch.com/story/heres-why-beyond-meat-investors-arent-happy-that-earnings-were-delayed-38dc2a51?mod=mw_FV,2025-11-12 04:22:00.000000,positive,0.8,1.0
Finviz,"Warren Buffett Letter, Shutdown Progress, Air-Traffic Curbs: What to Watch This Week","Warren Buffett Letter, Shutdown Progress, Air-Traffic Curbs: What to Watch This Week",https://finance.yahoo.com/m/cb4ba15a-ccf9-3ccf-8f85-793c58c86bca/warren-buffett-letter%2C.html,2025-11-12 03:58:00.000000,neutral,0.0,0.0
Finviz,Options Traders Bet Beyond Meat Stock Could Move 30% When It Posts Delayed Q3 Earnings This Week,Options Traders Bet Beyond Meat Stock Could Move 30% When It Posts Delayed Q3 Earnings This Week,https://finance.yahoo.com/m/45de5919-64a9-3f2b-a237-f8f4760a7abf/options-traders-bet-beyond.html,2025-11-12 03:57:00.000000,neutral,0.0,0.0
Finviz,"Beyond Meat's 1,600% 4-Day Rally Wasn't a Short Squeeze -- It Was Something Far More Dangerous","Beyond Meat's 1,600% 4-Day Rally Wasn't a Short Squeeze -- It Was Something Far More Dangerous",/news/204890/beyond-meats-1600-4-day-rally-wasnt-a-short-squeeze-it-was-something-far-more-dangerous,2025-11-12 03:51:00.000000,neutral,0.0,0.675
Finviz,Why Beyond Meat (BYND) Shares Are Falling Today,Why Beyond Meat (BYND) Shares Are Falling Today,/news/202884/why-beyond-meat-bynd-shares-are-falling-today,2025-11-12 03:50:00.000000,neutral,0.0,0.0
Finviz,Does Billionaire Philippe Laffont Know Something Wall Street Doesn't? His Hedge Fund Is Backing a Stock That Jumped 211% in Just 5 Days.,Does Billionaire Philippe Laffont Know Something Wall Street Doesn't? His Hedge Fund Is Backing a Stock That Jumped 211% in Just 5 Days.,/news/208331/does-billionaire-philippe-laffont-know-something-wall-street-doesnt-his-hedge-fund-is-backing-a-stock-that-jumped-211-in-just-5-days,2025-11-12 03:30:00.000000,neutral,0.0,0.0
Finviz,Beyond Meat Stock Crushed Nvidia Last Week. But Does That Make the Meme Stock a No-Brainer Buy Today?,Beyond Meat Stock Crushed Nvidia Last Week. But Does That Make the Meme Stock a No-Brainer Buy Today?,/news/214097/beyond-meat-stock-crushed-nvidia-last-week-but-does-that-make-the-meme-stock-a-no-brainer-buy-today,2025-11-12 03:14:00.000000,neutral,-0.05,0.083
Finviz,Beyond Meat Has Ushered in the Next Round of Short Squeeze Hype -- and It'll Almost Certainly End in Disappointment,Beyond Meat Has Ushered in the Next Round of Short Squeeze Hype -- and It'll Almost Certainly End in Disappointment,/news/210416/beyond-meat-has-ushered-in-the-next-round-of-short-squeeze-hype-and-itll-almost-certainly-end-in-disappointment,2025-11-12 03:06:00.000000,negative,-0.117,0.334
Finviz,Is Beyond Meat Stock Your Ticket to Becoming a Millionaire?,Is Beyond Meat Stock Your Ticket to Becoming a Millionaire?,/news/221766/is-beyond-meat-stock-your-ticket-to-becoming-a-millionaire,2025-11-12 03:00:00.000000,positive,0.45,0.85
Finviz,"Dear Beyond Meat Stock Fans, Mark Your Calendars for November 11","Dear Beyond Meat Stock Fans, Mark Your Calendars for November 11",https://finance.yahoo.com/m/8a97ac2b-6316-3ac0-b615-1d8b9f8f3bf8/dear-beyond-meat-stock-fans%2C.html,2025-11-12 02:50:00.000000,neutral,0.0,0.0
Finviz,Beyond Meats Meme-Stock Resurrection Sparks a Retail-Trading Record,Beyond Meats Meme-Stock Resurrection Sparks a Retail-Trading Record,https://finance.yahoo.com/news/beyond-meat-meme-stock-resurrection-183741195.html,2025-11-12 02:37:00.000000,neutral,0.0,0.0
Finviz,Is Beyond Meat Stock the Next GameStop or AMC? A Few Words of Advice for Investors,Is Beyond Meat Stock the Next GameStop or AMC? A Few Words of Advice for Investors,/news/214218/is-beyond-meat-stock-the-next-gamestop-or-amc-a-few-words-of-advice-for-investors,2025-11-12 02:34:00.000000,neutral,-0.1,0.05
Finviz,Investing.coms stocks of the week,Investing.coms stocks of the week,https://finance.yahoo.com/news/investing-com-stocks-week-183142375.html,2025-11-12 02:31:00.000000,neutral,0.0,0.0
Finviz,"Airline stocks slip on continued delays, Beyond Meat stock falls","Airline stocks slip on continued delays, Beyond Meat stock falls",https://finance.yahoo.com/video/airline-stocks-slip-continued-delays-191616126.html,2025-11-12 02:16:00.000000,neutral,0.0,0.0
Finviz,"Stocks to Watch Tuesday: Paramount, CoreWeave, Beyond Meat","Stocks to Watch Tuesday: Paramount, CoreWeave, Beyond Meat",https://www.wsj.com/livecoverage/stock-market-today-dow-sp-500-nasdaq-11-11-2025/card/stocks-to-watch-tuesday-coreweave-paramount-skydance-rocketlab-gmi3pgb573QvIzQLZvyg?mod=wsj_FV,2025-11-12 01:32:00.000000,neutral,0.0,0.0
Finviz,2 Overvalued Stocks to Sell in November,2 Overvalued Stocks to Sell in November,/news/214379/2-overvalued-stocks-to-sell-in-november,2025-11-12 01:00:00.000000,neutral,0.0,0.0
Finviz,Podcast: Stocks Mixed After Weak Jobs Data,Podcast: Stocks Mixed After Weak Jobs Data,https://finance.yahoo.com/m/0ba1cd44-d0eb-3e77-9e02-82ca75f281ed/podcast%3A-stocks-mixed-after.html,2025-11-11 17:47:00.000000,negative,-0.188,0.438
Yahoo Finance,Wells Fargo says lock in gains in tech and invest here instead,Wells Fargo says lock in gains in tech and invest here instead. Wells Fargo Investment Institute has taken a step back on tech stocks after a strong run since April. They have better ideas on where to put money right now.,https://www.marketwatch.com/story/wells-fargo-says-lock-in-gains-in-tech-and-invest-here-instead-58a3e45b?.tsrc=rss,2025-11-11 15:05:00.000000,positive,0.305,0.442
Yahoo Finance,"Social Buzz: Wallstreetbets Stocks Mostly Lower Premarket Tuesday; Rocket Lab to Advance, CoreWeave to Decline","Social Buzz: Wallstreetbets Stocks Mostly Lower Premarket Tuesday; Rocket Lab to Advance, CoreWeave to Decline. The most-talked-about stocks in the Reddit subforum Wallstreetbets were mostly lower hours before Tu",https://finance.yahoo.com/news/social-buzz-wallstreetbets-stocks-mostly-114427567.html?.tsrc=rss,2025-11-11 11:44:27.000000,positive,0.344,0.356
Yahoo Finance,Beyond Meat® Reports Third Quarter 2025 Financial Results,"Beyond Meat® Reports Third Quarter 2025 Financial Results. EL SEGUNDO, Calif., Nov. 10, 2025 (GLOBE NEWSWIRE) -- Beyond Meat, Inc. (NASDAQ: BYND) (“Beyond Meat” or “the Company”), a leader in plant-based meat, today reported financial results for its third quarter ended September 27, 2025. Third Quarter 2025 Financial Highlights1 Net revenues were $70.2 million, a decrease of 13.3% year-over-year.Gross profit was $7.2 million, or gross margin of 10.3%, compared to gross profit of $14.3 million, ",https://finance.yahoo.com/news/beyond-meat-reports-third-quarter-223800163.html?.tsrc=rss,2025-11-10 22:38:00.000000,neutral,0.0,0.0
Finviz,Beyond Meat's losses widen as demand shrinks. Is its meme-stock run over?,Beyond Meat's losses widen as demand shrinks. Is its meme-stock run over?,https://www.marketwatch.com/story/beyond-meats-losses-widen-as-demand-shrinks-is-its-meme-stock-run-over-df32a960?mod=mw_FV,2025-11-10 19:11:00.000000,neutral,0.0,0.0
Finviz,Beyond Meat (BYND) Reports Earnings Tomorrow: What To Expect,Beyond Meat (BYND) Reports Earnings Tomorrow: What To Expect,/news/224011/beyond-meat-bynd-reports-earnings-tomorrow-what-to-expect,2025-11-09 22:00:00.000000,neutral,0.0,0.0
Finviz,Is There a Future for Beyond Meat?,Is There a Future for Beyond Meat?,/news/223799/is-there-a-future-for-beyond-meat,2025-11-08 15:20:00.000000,neutral,0.0,0.125
Finviz,"Beyond Meat to Report Third Quarter 2025 Financial Results on November 10, 2025 and Hold Conference Call on November 11, 2025","Beyond Meat to Report Third Quarter 2025 Financial Results on November 10, 2025 and Hold Conference Call on November 11, 2025",/news/223588/beyond-meat-to-report-third-quarter-2025-financial-results-on-november-10-2025-and-hold-conference-call-on-november-11-2025,2025-11-07 18:00:00.000000,neutral,0.0,0.0
Finviz,Why Is Beyond Meat (BYND) Stock Rocketing Higher Today,Why Is Beyond Meat (BYND) Stock Rocketing Higher Today,/news/221800/why-is-beyond-meat-bynd-stock-rocketing-higher-today,2025-11-06 15:26:00.000000,positive,0.25,0.5
Finviz,Diamond Hands vs. Paper Hands: Beyond Meat Stock,Diamond Hands vs. Paper Hands: Beyond Meat Stock,/news/220127/diamond-hands-vs-paper-hands-beyond-meat-stock,2025-11-05 20:02:00.000000,neutral,0.0,0.0
Finviz,Beyond Meat Just Delayed Its Earnings Release. Should You Jump Ship in BYND Stock Now?,Beyond Meat Just Delayed Its Earnings Release. Should You Jump Ship in BYND Stock Now?,https://finance.yahoo.com/m/af721668-6bba-3f89-9d66-483b1e26e206/beyond-meat-just-delayed-its.html,2025-11-04 15:30:00.000000,neutral,0.0,0.0
Finviz,Where Will Beyond Meat Stock Be in 3 Years?,Where Will Beyond Meat Stock Be in 3 Years?,/news/215522/where-will-beyond-meat-stock-be-in-3-years,2025-11-03 21:30:00.000000,neutral,0.0,0.0
Finviz,AI darlings prop up Wall Street as most other stocks fall,AI darlings prop up Wall Street as most other stocks fall,https://finance.yahoo.com/news/shares-asia-advance-led-tech-042354013.html,2025-11-02 23:23:00.000000,positive,0.188,0.438
Finviz,Is Beyond Meat a Buy After Meme Stock Surge? Analysts Say No,Is Beyond Meat a Buy After Meme Stock Surge? Analysts Say No,/news/214003/is-beyond-meat-a-buy-after-meme-stock-surge-analysts-say-no,2025-11-01 13:20:00.000000,neutral,0.0,0.0
Finviz,Is Beyond Meat the Next Great Meme Stock? This Week's Performance Hints That the Party Could Be Over,Is Beyond Meat the Next Great Meme Stock? This Week's Performance Hints That the Party Could Be Over,/news/213905/is-beyond-meat-the-next-great-meme-stock-this-weeks-performance-hints-that-the-party-could-be-over,2025-10-31 17:05:00.000000,positive,0.4,0.375
Finviz,Beyond Meat Stock Falls 78.5% Following Massive Rally. Is the Party Over?,Beyond Meat Stock Falls 78.5% Following Massive Rally. Is the Party Over?,/news/212347/beyond-meat-stock-falls-785-following-massive-rally-is-the-party-over,2025-10-30 16:50:00.000000,neutral,0.0,0.55
Finviz,Why Beyond Meat (BYND) Stock Is Falling Today,Why Beyond Meat (BYND) Stock Is Falling Today,/news/209804/why-beyond-meat-bynd-stock-is-falling-today,2025-10-29 15:45:00.000000,neutral,0.0,0.0
Finviz,Analyst who first called Beyond Meats rally buys 2% stake in Peter Thielbacked company,Analyst who first called Beyond Meats rally buys 2% stake in Peter Thielbacked company,https://finance.yahoo.com/m/77a6baf3-1ce9-378f-8ee5-ebccb42c4c60/analyst-who-first-called.html,2025-10-28 14:40:00.000000,positive,0.25,0.333
Finviz,Why Beyond Meat (BYND) Shares Are Plunging Today,Why Beyond Meat (BYND) Shares Are Plunging Today,/news/206037/why-beyond-meat-bynd-shares-are-plunging-today,2025-10-27 17:45:00.000000,neutral,0.0,0.0
Finviz,Could Beyond Meat Help Make You a Millionaire?,Could Beyond Meat Help Make You a Millionaire?,/news/204568/could-beyond-meat-help-make-you-a-millionaire,2025-10-26 05:15:00.000000,neutral,0.0,0.0
Finviz,Beyond Meat is on a wild ride. Why you should think twice before taking a bite.,Beyond Meat is on a wild ride. Why you should think twice before taking a bite.,https://www.marketwatch.com/story/beyond-meat-is-on-a-wild-ride-why-you-should-think-twice-before-taking-a-bite-a0b4c74d?mod=mw_FV,2025-10-25 09:20:00.000000,neutral,0.1,0.4
Finviz,"Up 454% in a Week, Is This Company the Meme Stock of 2025?","Up 454% in a Week, Is This Company the Meme Stock of 2025?",/news/202991/up-454-in-a-week-is-this-company-the-meme-stock-of-2025,2025-10-23 16:07:00.000000,neutral,0.0,0.0
